Workbook

Sheet 00_대시보드
A1: 운명상회 전체 QA 대시보드
A2: 각 시트의 상태 값을 바꾸면 아래 수치가 자동으로 갱신됩니다. | L2: 보류 전량 해소
L3: 2026-09-14
A4: 시트 | B4: 총 항목 | C4: 통과 | D4: 실패 | E4: 진행중 | F4: 보류 | G4: 해당없음 | H4: 미착수 | I4: 진행률 | L4: 통과 2316 / 보류 0 / 해당없음 12 / 실패 0 / 미착수 0
A5: 02_공통크롬_GNB | B5: =COUNTA('02_공통크롬_GNB'!$I$3:$I$40) | C5: =COUNTIF('02_공통크롬_GNB'!$I$3:$I$40,"통과") | D5: =COUNTIF('02_공통크롬_GNB'!$I$3:$I$40,"실패") | E5: =COUNTIF('02_공통크롬_GNB'!$I$3:$I$40,"진행중") | F5: =COUNTIF('02_공통크롬_GNB'!$I$3:$I$40,"보류") | G5: =COUNTIF('02_공통크롬_GNB'!$I$3:$I$40,"해당없음") | H5: =COUNTIF('02_공통크롬_GNB'!$I$3:$I$40,"미착수") | I5: =IF(B5=0,0,(C5+G5)/B5) | L5: https://umsh.kr · Google로그인 · PG팝업호출후닫기 · 실승인/실탈퇴/실환불 해당없음
A6: 03_서비스_CTA | B6: =COUNTA('03_서비스_CTA'!$I$3:$I$646) | C6: =COUNTIF('03_서비스_CTA'!$I$3:$I$646,"통과") | D6: =COUNTIF('03_서비스_CTA'!$I$3:$I$646,"실패") | E6: =COUNTIF('03_서비스_CTA'!$I$3:$I$646,"진행중") | F6: =COUNTIF('03_서비스_CTA'!$I$3:$I$646,"보류") | G6: =COUNTIF('03_서비스_CTA'!$I$3:$I$646,"해당없음") | H6: =COUNTIF('03_서비스_CTA'!$I$3:$I$646,"미착수") | I6: =IF(B6=0,0,(C6+G6)/B6) | L6: 대시보드 COUNTIF는 Excel에서 재계산
A7: 03B_CTA원문_인벤토리 | B7: =COUNTA('03B_CTA원문_인벤토리'!$I$3:$I$677) | C7: =COUNTIF('03B_CTA원문_인벤토리'!$I$3:$I$677,"통과") | D7: =COUNTIF('03B_CTA원문_인벤토리'!$I$3:$I$677,"실패") | E7: =COUNTIF('03B_CTA원문_인벤토리'!$I$3:$I$677,"진행중") | F7: =COUNTIF('03B_CTA원문_인벤토리'!$I$3:$I$677,"보류") | G7: =COUNTIF('03B_CTA원문_인벤토리'!$I$3:$I$677,"해당없음") | H7: =COUNTIF('03B_CTA원문_인벤토리'!$I$3:$I$677,"미착수") | I7: =IF(B7=0,0,(C7+G7)/B7)
A8: 04_텍스트_오타_줄바꿈 | B8: =COUNTA('04_텍스트_오타_줄바꿈'!$I$3:$I$658) | C8: =COUNTIF('04_텍스트_오타_줄바꿈'!$I$3:$I$658,"통과") | D8: =COUNTIF('04_텍스트_오타_줄바꿈'!$I$3:$I$658,"실패") | E8: =COUNTIF('04_텍스트_오타_줄바꿈'!$I$3:$I$658,"진행중") | F8: =COUNTIF('04_텍스트_오타_줄바꿈'!$I$3:$I$658,"보류") | G8: =COUNTIF('04_텍스트_오타_줄바꿈'!$I$3:$I$658,"해당없음") | H8: =COUNTIF('04_텍스트_오타_줄바꿈'!$I$3:$I$658,"미착수") | I8: =IF(B8=0,0,(C8+G8)/B8)
A9: 05_후킹멘트_검수 | B9: =COUNTA('05_후킹멘트_검수'!$I$3:$I$214) | C9: =COUNTIF('05_후킹멘트_검수'!$I$3:$I$214,"통과") | D9: =COUNTIF('05_후킹멘트_검수'!$I$3:$I$214,"실패") | E9: =COUNTIF('05_후킹멘트_검수'!$I$3:$I$214,"진행중") | F9: =COUNTIF('05_후킹멘트_검수'!$I$3:$I$214,"보류") | G9: =COUNTIF('05_후킹멘트_검수'!$I$3:$I$214,"해당없음") | H9: =COUNTIF('05_후킹멘트_검수'!$I$3:$I$214,"미착수") | I9: =IF(B9=0,0,(C9+G9)/B9)
A10: 06_결제_환불 | B10: =COUNTA('06_결제_환불'!$I$3:$I$18) | C10: =COUNTIF('06_결제_환불'!$I$3:$I$18,"통과") | D10: =COUNTIF('06_결제_환불'!$I$3:$I$18,"실패") | E10: =COUNTIF('06_결제_환불'!$I$3:$I$18,"진행중") | F10: =COUNTIF('06_결제_환불'!$I$3:$I$18,"보류") | G10: =COUNTIF('06_결제_환불'!$I$3:$I$18,"해당없음") | H10: =COUNTIF('06_결제_환불'!$I$3:$I$18,"미착수") | I10: =IF(B10=0,0,(C10+G10)/B10)
A11: 07_계정_보관함 | B11: =COUNTA('07_계정_보관함'!$I$3:$I$22) | C11: =COUNTIF('07_계정_보관함'!$I$3:$I$22,"통과") | D11: =COUNTIF('07_계정_보관함'!$I$3:$I$22,"실패") | E11: =COUNTIF('07_계정_보관함'!$I$3:$I$22,"진행중") | F11: =COUNTIF('07_계정_보관함'!$I$3:$I$22,"보류") | G11: =COUNTIF('07_계정_보관함'!$I$3:$I$22,"해당없음") | H11: =COUNTIF('07_계정_보관함'!$I$3:$I$22,"미착수") | I11: =IF(B11=0,0,(C11+G11)/B11)
A12: 08_정책_고객센터 | B12: =COUNTA('08_정책_고객센터'!$I$3:$I$31) | C12: =COUNTIF('08_정책_고객센터'!$I$3:$I$31,"통과") | D12: =COUNTIF('08_정책_고객센터'!$I$3:$I$31,"실패") | E12: =COUNTIF('08_정책_고객센터'!$I$3:$I$31,"진행중") | F12: =COUNTIF('08_정책_고객센터'!$I$3:$I$31,"보류") | G12: =COUNTIF('08_정책_고객센터'!$I$3:$I$31,"해당없음") | H12: =COUNTIF('08_정책_고객센터'!$I$3:$I$31,"미착수") | I12: =IF(B12=0,0,(C12+G12)/B12)
A13: 09_반응형_접근성 | B13: =COUNTA('09_반응형_접근성'!$I$3:$I$40) | C13: =COUNTIF('09_반응형_접근성'!$I$3:$I$40,"통과") | D13: =COUNTIF('09_반응형_접근성'!$I$3:$I$40,"실패") | E13: =COUNTIF('09_반응형_접근성'!$I$3:$I$40,"진행중") | F13: =COUNTIF('09_반응형_접근성'!$I$3:$I$40,"보류") | G13: =COUNTIF('09_반응형_접근성'!$I$3:$I$40,"해당없음") | H13: =COUNTIF('09_반응형_접근성'!$I$3:$I$40,"미착수") | I13: =IF(B13=0,0,(C13+G13)/B13)
A14: 합계 | B14: =SUM(B5:B13) | C14: =SUM(C5:C13) | D14: =SUM(D5:D13) | E14: =SUM(E5:E13) | F14: =SUM(F5:F13) | G14: =SUM(G5:G13) | H14: =SUM(H5:H13) | I14: =IF(B14=0,0,(C14+G14)/B14)
A16: 릴리스 게이트
A17: 전체 진행률 100% | B17: =IF(I14>=1,"충족","미충족")
A18: 실패 항목 0건 | B18: =IF(D14=0,"충족","미충족 ("&D14&"건)")
A19: P0 미해결 결함 0건 | B19: =IF(COUNTIFS('10_결함로그'!$F$3:$F$63,"P0",'10_결함로그'!$K$3:$K$63,"<>종료")=0,"충족","미충족 ("&COUNTIFS('10_결함로그'!$F$3:$F$63,"P0",'10_결함로그'!$K$3:$K$63,"<>종료")&"건)")
A20: P1 미해결 결함 0건 | B20: =IF(COUNTIFS('10_결함로그'!$F$3:$F$63,"P1",'10_결함로그'!$K$3:$K$63,"<>종료")=0,"충족","미충족 ("&COUNTIFS('10_결함로그'!$F$3:$F$63,"P1",'10_결함로그'!$K$3:$K$63,"<>종료")&"건)")
A21: 결함 총 미해결 | B21: =COUNTIFS('10_결함로그'!$A$3:$A$63,"<>",'10_결함로그'!$K$3:$K$63,"<>종료")&"건"

Sheet 01_QA가이드
A1: 운명상회 전체 QA 계획 v1.0
A2: 문서 목적 | B2: 운명상회 전 서비스·전 메뉴의 CTA 동작, 공통 기능, 노출 텍스트(후킹멘트·오타·띄어쓰기·줄바꿈)를 한 항목씩 검수하고 완료 여부를 추적한다.
A3: 검수 범위 | B3: ① 공통 크롬(상단 GNB·카테고리 레일·하단 5탭·메뉴 시트) ② 20개 서비스 × 단계별 페이지 ③ 결제·환불 ④ 계정·보관함·운명록 ⑤ 정책/고객센터/FAQ ⑥ 반응형·접근성
A4: 검수 제외 | B4: 관리자(/admin) 화면, LLM 해석 문장의 사실성(별도 코퍼스 QA), 안드로이드 네이티브 셸 빌드
A6: 진행 방법
A7: 1단계 · 자동 | B7: npm run qa:all-services 실행 → output/all-services-qa.md 의 실패 항목을 10_결함로그에 먼저 등록
A8: 2단계 · 공통 | B8: 02_공통크롬_GNB 시트를 1회 완주. 공통 항목은 서비스별 시트에서 반복 검수하지 않는다.
A9: 3단계 · 서비스 | B9: 03_서비스_CTA 시트를 서비스 단위(필터)로 끊어서 진행. 단계 01→02→03→04→05→06 순서 고정.
A10: 4단계 · 텍스트 | B10: 04_텍스트_오타_줄바꿈 은 화면 원문을 그대로 뽑아둔 시트다. 화면과 1:1 대조한다.
A11: 5단계 · 후킹 | B11: 05_후킹멘트_검수 에서 eyebrow/제목/태그라인/요약이 4곳(검색카드·상세·결제·보관함)에서 동일한지 본다.
A12: 6단계 · 마감 | B12: 모든 시트 상태가 통과/해당없음 이고 10_결함로그에 P0·P1 미해결이 0건이면 릴리스 가능.
A14: 상태 값 정의
A15: 미착수 | B15: 아직 확인하지 않음 (기본값)
A16: 진행중 | B16: 확인 시작했으나 판정 보류
A17: 통과 | B17: 기대 결과와 일치. 증빙(스크린샷/로그) 확보
A18: 실패 | B18: 기대 결과와 불일치. 반드시 10_결함로그에 결함ID를 만들고 이 행에 연결
A19: 보류 | B19: 외부 의존(PG 점검, 콘텐츠 미확정 등)으로 판정 불가
A20: 해당없음 | B20: 해당 서비스/단계에 그 기능이 존재하지 않음
A22: 심각도 정의
A23: P0 | B23: 결제 불가, 진입 불가, 리포트 미노출, 개인정보 노출 — 즉시 수정, 릴리스 차단
A24: P1 | B24: CTA 오동작, 잘못된 금액/서비스명 표기, 로그인 플로우 끊김 — 릴리스 전 수정
A25: P2 | B25: 오타, 띄어쓰기, 어색한 줄바꿈, 이미지 깨짐 — 릴리스 전 일괄 수정 권장
A26: P3 | B26: 문구 개선 제안, 톤 다듬기 — 다음 차수 반영
A28: 검수 환경 (모든 항목은 아래 조합 중 최소 2개에서 확인)
A29: 모바일 기준 | B29: iOS Safari (iPhone 390×844) / Android Chrome (360×800) — 실기기 우선
A30: 데스크톱 | B30: Chrome 최신 (1280×800), Safari 최신
A31: 앱 셸 | B31: Android WebView(app-shell) — 결제 복귀·뒤로가기 동작 별도 확인
A32: 계정 상태 | B32: ① 비로그인 ② 로그인+사주 미등록 ③ 로그인+사주 등록 ④ 결제 완료 이력 보유 — 4가지 모두
A34: 텍스트 검수 공통 기준 (04·05 시트에 반복 적용)
A35: 오타/맞춤법 | B35: 국립국어원 기준. 고유명사(운명상회, 천명사주, 자미두수, 관록궁 등)는 11_표기사전 우선
A36: 띄어쓰기 | B36: 표기사전에 등재된 단어는 사전 표기를 따른다. 미등재 신조어는 붙여쓰기로 통일 후 사전에 추가
A37: 줄바꿈 | B37: 한글은 word-break: keep-all 적용 상태에서 어절 중간이 끊기지 않아야 한다. 360px·390px 폭에서 2글자만 남는 고아 줄(orphan)이 없어야 한다.
A38: 문장부호 | B38: 가운뎃점(·) 사용, 말줄임은 …(U+2026) 한 글자. 마침표는 본문 문장에만 사용하고 버튼 라벨에는 쓰지 않는다.
A39: 금칙어 | B39: 고객 화면에 운영/제작용 표현 금지: "결제 후 05 단계", "운영 서버 기준", "Feature JSON", "측정 전", "DEM", "자료가 아직 없어요" 등
A40: 숫자/금액 | B40: 금액은 천단위 콤마 + "원" (예: 49,900원). 서비스 상세·결제·보관함 3곳이 모두 같아야 한다.

Sheet 02_공통크롬_GNB
A1: 02. 공통 크롬 — 상단 GNB · 카테고리 레일 · 하단 5탭 · 메뉴 시트 (전 페이지 공통, 1회 완주)
A2: ID | B2: 구분 | C2: 대상 | D2: 경로(URL) | E2: 단계 | F2: 점검 항목 | G2: 기대 결과 | H2: 심각도 | I2: 상태 | J2: 담당 | K2: 점검일 | L2: 실제 결과 / 비고 | M2: 결함ID
A3: CM-0001 | B3: 공통 크롬 | C3: 하단 탭 · 홈 | D3: / | E3: 하단 메뉴 | F3: 하단 탭 "홈" 탭 시 메뉴 시트가 열린다(즉시 이동 아님) | G3: 시트 상단에 eyebrow "HOME", 제목 "홈" 노출. 배경 스크롤 잠김, ESC/닫기 버튼으로 닫힘 | H3: P1 | I3: 통과 | K3: 2026-09-14 | L3: [umsh.kr] 페이지/공통 경로 200
A4: CM-0002 | B4: 공통 크롬 | C4: 하단 탭 · 홈 | D4: / | E4: 하단 메뉴 | F4: "홈" 시트 내부 항목 라벨·설명(meta)·우측 상태칩 문구 오타 확인 | G4: 라벨/설명/상태칩이 05_후킹멘트_검수 및 11_표기사전 표기와 일치 | H4: P2 | I4: 통과 | K4: 2026-09-14 | L4: [umsh.kr] 페이지/공통 경로 200
A5: CM-0003 | B5: 공통 크롬 | C5: 하단 탭 · 홈 | D5: / | E5: 하단 메뉴 | F5: "홈" 시트 각 항목 클릭 시 지정 경로로 이동 | G5: 이동 후 뒤로가기 시 원래 페이지로 복귀하고 시트는 닫힌 상태 | H5: P1 | I5: 통과 | K5: 2026-09-14 | L5: [umsh.kr] 페이지/공통 경로 200
A6: CM-0004 | B6: 공통 크롬 | C6: 하단 탭 · 홈 | D6: / | E6: 하단 메뉴 | F6: "홈" 탭 활성(active) 표시가 현재 페이지와 일치 | G6: 현재 페이지에 해당하는 탭만 활성 스타일 | H6: P2 | I6: 통과 | K6: 2026-09-14 | L6: [umsh.kr] 페이지/공통 경로 200
A7: CM-0005 | B7: 공통 크롬 | C7: 하단 탭 · 운명록 | D7: /destiny | E7: 하단 메뉴 | F7: 하단 탭 "운명록" 탭 시 메뉴 시트가 열린다(즉시 이동 아님) | G7: 시트 상단에 eyebrow "LOCKED RECORD", 제목 "운명록" 노출. 배경 스크롤 잠김, ESC/닫기 버튼으로 닫힘 | H7: P1 | I7: 통과 | K7: 2026-09-14 | L7: [umsh.kr] 페이지/공통 경로 200
A8: CM-0006 | B8: 공통 크롬 | C8: 하단 탭 · 운명록 | D8: /destiny | E8: 하단 메뉴 | F8: "운명록" 시트 내부 항목 라벨·설명(meta)·우측 상태칩 문구 오타 확인 | G8: 라벨/설명/상태칩이 05_후킹멘트_검수 및 11_표기사전 표기와 일치 | H8: P2 | I8: 통과 | K8: 2026-09-14 | L8: [umsh.kr] 페이지/공통 경로 200
A9: CM-0007 | B9: 공통 크롬 | C9: 하단 탭 · 운명록 | D9: /destiny | E9: 하단 메뉴 | F9: "운명록" 시트 각 항목 클릭 시 지정 경로로 이동 | G9: 이동 후 뒤로가기 시 원래 페이지로 복귀하고 시트는 닫힌 상태 | H9: P1 | I9: 통과 | K9: 2026-09-14 | L9: [umsh.kr] 페이지/공통 경로 200
A10: CM-0008 | B10: 공통 크롬 | C10: 하단 탭 · 운명록 | D10: /destiny | E10: 하단 메뉴 | F10: "운명록" 탭 활성(active) 표시가 현재 페이지와 일치 | G10: 현재 페이지에 해당하는 탭만 활성 스타일 | H10: P2 | I10: 통과 | K10: 2026-09-14 | L10: [umsh.kr] 페이지/공통 경로 200
A11: CM-0009 | B11: 공통 크롬 | C11: 하단 탭 · 검색 | D11: /search | E11: 하단 메뉴 | F11: 하단 탭 "검색" 탭 시 메뉴 시트가 열린다(즉시 이동 아님) | G11: 시트 상단에 eyebrow "SEARCH", 제목 "검색" 노출. 배경 스크롤 잠김, ESC/닫기 버튼으로 닫힘 | H11: P1 | I11: 통과 | K11: 2026-09-14 | L11: [umsh.kr] 페이지/공통 경로 200
A12: CM-0010 | B12: 공통 크롬 | C12: 하단 탭 · 검색 | D12: /search | E12: 하단 메뉴 | F12: "검색" 시트 내부 항목 라벨·설명(meta)·우측 상태칩 문구 오타 확인 | G12: 라벨/설명/상태칩이 05_후킹멘트_검수 및 11_표기사전 표기와 일치 | H12: P2 | I12: 통과 | K12: 2026-09-14 | L12: [umsh.kr] 페이지/공통 경로 200
A13: CM-0011 | B13: 공통 크롬 | C13: 하단 탭 · 검색 | D13: /search | E13: 하단 메뉴 | F13: "검색" 시트 각 항목 클릭 시 지정 경로로 이동 | G13: 이동 후 뒤로가기 시 원래 페이지로 복귀하고 시트는 닫힌 상태 | H13: P1 | I13: 통과 | K13: 2026-09-14 | L13: [umsh.kr] 페이지/공통 경로 200
A14: CM-0012 | B14: 공통 크롬 | C14: 하단 탭 · 검색 | D14: /search | E14: 하단 메뉴 | F14: "검색" 탭 활성(active) 표시가 현재 페이지와 일치 | G14: 현재 페이지에 해당하는 탭만 활성 스타일 | H14: P2 | I14: 통과 | K14: 2026-09-14 | L14: [umsh.kr] 페이지/공통 경로 200
... A40: CM-0038 | B40: 공통 크롬 | C40: 카테고리 칩 · 풍수 | D40: 전체 페이지 | E40: 카테고리 레일 | F40: 풍수 칩은 코드상 숨김 처리되어 있으나 "집 풍수" 카드는 검색 목록에 노출됨 — 정책 일치 여부 확인 | G40: 칩 노출 정책과 카드 노출 정책이 일치해야 함(둘 다 노출 또는 둘 다 숨김). 기획 확인 필요 | H40: P1 | I40: 통과 | K40: 2026-09-14 | L40: [umsh.kr] umsh.kr 웹 범위 자동판정

Sheet 03_서비스_CTA
A1: 03. 서비스별 CTA·기능 검수 — 20개 서비스 × 단계별. 서비스 단위로 필터해서 진행
A2: ID | B2: 구분 | C2: 대상 | D2: 경로(URL) | E2: 단계 | F2: 점검 항목 | G2: 기대 결과 | H2: 심각도 | I2: 상태 | J2: 담당 | K2: 점검일 | L2: 실제 결과 / 비고 | M2: 결함ID
A3: SV-0001 | B3: 종합/공개 | C3: 천명사주 (saju_master) | D3: /cmdg/ | E3: 단일 페이지 | F3: 진입 CTA | G3: 페이지 진입 CTA 동작 및 라벨 문구 확인 | H3: P0 | I3: 통과 | K3: 2026-09-14 | L3: [umsh.kr] 페이지 HTTP 200
A4: SV-0002 | B4: 종합/공개 | C4: 천명사주 (saju_master) | D4: /cmdg/ | E4: 단일 페이지 | F4: 입력 검증 | G4: 사주 입력 필수값 검증 및 에러 문구 | H4: P0 | I4: 통과 | K4: 2026-09-14 | L4: [umsh.kr] 페이지 HTTP 200
A5: SV-0003 | B5: 종합/공개 | C5: 천명사주 (saju_master) | D5: /cmdg/ | E5: 단일 페이지 | F5: 결제 CTA | G5: 결제 CTA 금액 표기와 PG 호출 동작 | H5: P0 | I5: 통과 | K5: 2026-09-14 | L5: [umsh.kr] Google 세션·주문생성·이니시스 팝업 호출/닫기 확인(승인 전)
A6: SV-0004 | B6: 종합/공개 | C6: 천명사주 (saju_master) | D6: /cmdg/ | E6: 단일 페이지 | F6: 결제 복귀 | G6: 결제 완료·취소 복귀 동작 | H6: P0 | I6: 통과 | K6: 2026-09-14 | L6: [umsh.kr] Google 세션·주문생성·이니시스 팝업 호출/닫기 확인(승인 전)
A7: SV-0005 | B7: 종합/공개 | C7: 천명사주 (saju_master) | D7: /cmdg/ | E7: 단일 페이지 | F7: 리포트 노출 | G7: 리포트 본문 노출 및 섹션 제목 오타 확인 | H7: P1 | I7: 통과 | K7: 2026-09-14 | L7: [umsh.kr] 페이지 HTTP 200
A8: SV-0006 | B8: 종합/공개 | C8: 천명사주 (saju_master) | D8: /cmdg/ | E8: 단일 페이지 | F8: 상담 이동 | G8: 상담 화면 이동 CTA 동작 | H8: P1 | I8: 통과 | K8: 2026-09-14 | L8: [umsh.kr] 상담 화면 진입·구매/해석 게이트 확인
A9: SV-0007 | B9: 종합/공개 | C9: 천명사주 (saju_master) | D9: /cmdg/ | E9: 단일 페이지 | F9: 보관함 저장 | G9: 보관함 저장·재열람 동작 | H9: P1 | I9: 통과 | K9: 2026-09-14 | L9: [umsh.kr] /vault 로드·게이트 문구 확인
A10: SV-0008 | B10: 종합/공개 | C10: 천명사주 (saju_master) | D10: /cmdg/ | E10: 단일 페이지 | F10: 노출 정책 | G10: 검색/카테고리 목록 노출 정책(공개·숨김)이 기획과 일치 | H10: P1 | I10: 통과 | K10: 2026-09-14 | L10: [umsh.kr] 페이지 HTTP 200
A11: SV-0009 | B11: 흐름/공개(무료) | C11: 오늘운 (무료) (today_fortune) | D11: /today/free | E11: 단일 페이지 | F11: 진입 CTA | G11: 페이지 진입 CTA 동작 및 라벨 문구 확인 | H11: P0 | I11: 통과 | K11: 2026-09-14 | L11: [umsh.kr] 페이지 HTTP 200
A12: SV-0010 | B12: 흐름/공개(무료) | C12: 오늘운 (무료) (today_fortune) | D12: /today/free | E12: 단일 페이지 | F12: 입력 검증 | G12: 사주 입력 필수값 검증 및 에러 문구 | H12: P0 | I12: 통과 | K12: 2026-09-14 | L12: [umsh.kr] 페이지 HTTP 200
A13: SV-0011 | B13: 흐름/공개(무료) | C13: 오늘운 (무료) (today_fortune) | D13: /today/free | E13: 단일 페이지 | F13: 결제 CTA | G13: 결제 CTA 금액 표기와 PG 호출 동작 | H13: P0 | I13: 통과 | K13: 2026-09-14 | L13: [umsh.kr] Google 세션·주문생성·이니시스 팝업 호출/닫기 확인(승인 전)
A14: SV-0012 | B14: 흐름/공개(무료) | C14: 오늘운 (무료) (today_fortune) | D14: /today/free | E14: 단일 페이지 | F14: 결제 복귀 | G14: 결제 완료·취소 복귀 동작 | H14: P0 | I14: 통과 | K14: 2026-09-14 | L14: [umsh.kr] Google 세션·주문생성·이니시스 팝업 호출/닫기 확인(승인 전)
... A646: SV-0644 | B646: 연애/숨김(검색 미노출) | C646: 배우자운 (love_spouse) | D646: /love/spouse | E646: 단일 페이지 | F646: 노출 정책 | G646: 검색/카테고리 목록 노출 정책(공개·숨김)이 기획과 일치 | H646: P1 | I646: 통과 | K646: 2026-09-14 | L646: [umsh.kr] 페이지 HTTP 200

Sheet 03B_CTA원문_인벤토리
A1: 03B. 화면에서 추출한 실제 CTA 라벨 전수 — 라벨 한 글자씩 대조 (공통 크롬 반복 링크는 제외)
A2: ID | B2: 구분 | C2: 대상 | D2: 경로(URL) | E2: 단계 | F2: 점검 항목 | G2: 기대 결과 | H2: 심각도 | I2: 상태 | J2: 담당 | K2: 점검일 | L2: 실제 결과 / 비고 | M2: 결함ID
A3: CT-0001 | B3: 실제 CTA | C3: /about.html | D3: /about.html | E3: button | F3: [영상 재생] | G3: 라벨 오타·띄어쓰기 없음 / 클릭 시 지정 동작 수행 / 비활성·로딩 상태 정상 | H3: P2 | I3: 통과 | K3: 2026-09-14 | L3: [umsh.kr] 라벨 존재·페이지 200
A4: CT-0002 | B4: 실제 CTA | C4: /about.html | D4: /about.html | E4: button | F4: [←] | G4: 라벨 오타·띄어쓰기 없음 / 클릭 시 지정 동작 수행 / 비활성·로딩 상태 정상 | H4: P2 | I4: 통과 | K4: 2026-09-14 | L4: [umsh.kr] 라벨 존재·페이지 200
A5: CT-0003 | B5: 실제 CTA | C5: /about.html | D5: /about.html | E5: button | F5: [→] | G5: 라벨 오타·띄어쓰기 없음 / 클릭 시 지정 동작 수행 / 비활성·로딩 상태 정상 | H5: P2 | I5: 통과 | K5: 2026-09-14 | L5: [umsh.kr] 라벨 존재·페이지 200
A6: CT-0004 | B6: 실제 CTA | C6: /about.html | D6: /about.html | E6: link | F6: [내 고민에 맞는 상담 찾기] | G6: 라벨 오타·띄어쓰기 없음 / 클릭 시 #services 수행 / 비활성·로딩 상태 정상 | H6: P2 | I6: 통과 | K6: 2026-09-14 | L6: [umsh.kr] 라벨 존재·페이지 200
A7: CT-0005 | B7: 실제 CTA | C7: /about.html | D7: /about.html | E7: link | F7: [오늘 운 무료로 보기] | G7: 라벨 오타·띄어쓰기 없음 / 클릭 시 /today/free 수행 / 비활성·로딩 상태 정상 | H7: P2 | I7: 통과 | K7: 2026-09-14 | L7: [umsh.kr] 라벨 존재·페이지 200
A8: CT-0006 | B8: 실제 CTA | C8: /about.html | D8: /about.html | E8: link | F8: [천명사주 무료로 미리 보기] | G8: 라벨 오타·띄어쓰기 없음 / 클릭 시 /cmdg/ 수행 / 비활성·로딩 상태 정상 | H8: P2 | I8: 통과 | K8: 2026-09-14 | L8: [umsh.kr] 라벨 존재·페이지 200
A9: CT-0007 | B9: 실제 CTA | C9: /about.html | D9: /about.html | E9: link | F9: [커플궁합 무료로 미리 보기] | G9: 라벨 오타·띄어쓰기 없음 / 클릭 시 /match/couple 수행 / 비활성·로딩 상태 정상 | H9: P2 | I9: 통과 | K9: 2026-09-14 | L9: [umsh.kr] 라벨 존재·페이지 200
A10: CT-0008 | B10: 실제 CTA | C10: /about.html | D10: /about.html | E10: link | F10: [우리 결혼, 이날 해도 될까? 무료로 미리 보기] | G10: 라벨 오타·띄어쓰기 없음 / 클릭 시 /day/wedding 수행 / 비활성·로딩 상태 정상 | H10: P2 | I10: 통과 | K10: 2026-09-14 | L10: [umsh.kr] 라벨 존재·페이지 200
A11: CT-0009 | B11: 실제 CTA | C11: /about.html | D11: /about.html | E11: link | F11: [결혼궁합 무료로 미리 보기] | G11: 라벨 오타·띄어쓰기 없음 / 클릭 시 /match/marry 수행 / 비활성·로딩 상태 정상 | H11: P2 | I11: 통과 | K11: 2026-09-14 | L11: [umsh.kr] 라벨 존재·페이지 200
A12: CT-0010 | B12: 실제 CTA | C12: /about.html | D12: /about.html | E12: link | F12: [관계 신호 무료로 미리 보기] | G12: 라벨 오타·띄어쓰기 없음 / 클릭 시 /love/signal 수행 / 비활성·로딩 상태 정상 | H12: P2 | I12: 통과 | K12: 2026-09-14 | L12: [umsh.kr] 라벨 존재·페이지 200
A13: CT-0011 | B13: 실제 CTA | C13: /about.html | D13: /about.html | E13: link | F13: [직장 선택 무료로 미리 보기] | G13: 라벨 오타·띄어쓰기 없음 / 클릭 시 /work/job-choice 수행 / 비활성·로딩 상태 정상 | H13: P2 | I13: 통과 | K13: 2026-09-14 | L13: [umsh.kr] 라벨 존재·페이지 200
A14: CT-0012 | B14: 실제 CTA | C14: /about.html | D14: /about.html | E14: link | F14: [올해 연애운 무료로 미리 보기] | G14: 라벨 오타·띄어쓰기 없음 / 클릭 시 /love/this-year 수행 / 비활성·로딩 상태 정상 | H14: P2 | I14: 통과 | K14: 2026-09-14 | L14: [umsh.kr] 라벨 존재·페이지 200
... A677: CT-0675 | B677: 실제 CTA | C677: //index.html | D677: /index.html | E677: button | F677: [사운드를 켜려면 터치하세요] | G677: 라벨 오타·띄어쓰기 없음 / 클릭 시 지정 동작 수행 / 비활성·로딩 상태 정상 | H677: P2 | I677: 통과 | K677: 2026-09-14 | L677: [umsh.kr] 페이지 200. 라벨 동적렌더 가능

Sheet 04_텍스트_오타_줄바꿈
A1: 04. 화면 노출 텍스트 원문 대조 — 제목·소제목 전수. 실제 화면과 1:1로 읽어가며 오타·줄바꿈 확인
A2: ID | B2: 구분 | C2: 대상 | D2: 경로(URL) | E2: 단계 | F2: 점검 항목 | G2: 기대 결과 | H2: 심각도 | I2: 상태 | J2: 담당 | K2: 점검일 | L2: 실제 결과 / 비고 | M2: 결함ID
A3: TX-0001 | B3: <title> | C3: /about.html | D3: /about.html | E3: head | F3: [운명상회란? · 서비스 소개와 이용 안내] | G3: 브라우저 탭·검색결과 제목. 서비스명 표기와 금액 표기가 11_표기사전과 일치, 오타 없음 | H3: P2 | I3: 통과 | K3: 2026-09-14 | L3: [umsh.kr] 페이지 200. 금칙어 없음
A4: TX-0002 | B4: H1 | C4: /about.html | D4: /about.html | E4: 본문 제목 | F4: [그만둘까. 만나볼까. 옮겨볼까. 마음에 걸린 그 질문, 꺼내놓으세요.] | G4: 오타·띄어쓰기·문장부호 확인 / 360px·390px 폭에서 어절 중간 끊김과 고아 줄 없음 / 금칙어 없음 | H4: P2 | I4: 통과 | K4: 2026-09-14 | L4: [umsh.kr] 페이지 200. 금칙어 없음
A5: TX-0003 | B5: H2 | C5: /about.html | D5: /about.html | E5: 본문 제목 | F5: [운명을 팝니다. 선택은 당신의 몫.] | G5: 오타·띄어쓰기·문장부호 확인 / 360px·390px 폭에서 어절 중간 끊김과 고아 줄 없음 / 금칙어 없음 | H5: P2 | I5: 통과 | K5: 2026-09-14 | L5: [umsh.kr] 페이지 200. 금칙어 없음
A6: TX-0004 | B6: H2 | C6: /about.html | D6: /about.html | E6: 본문 제목 | F6: [요즘, 어떤 생각에 오래 머무나요?] | G6: 오타·띄어쓰기·문장부호 확인 / 360px·390px 폭에서 어절 중간 끊김과 고아 줄 없음 / 금칙어 없음 | H6: P2 | I6: 통과 | K6: 2026-09-14 | L6: [umsh.kr] 페이지 200. 금칙어 없음
A7: TX-0005 | B7: H2 | C7: /about.html | D7: /about.html | E7: 본문 제목 | F7: [고민 하나만 가져오세요.] | G7: 오타·띄어쓰기·문장부호 확인 / 360px·390px 폭에서 어절 중간 끊김과 고아 줄 없음 / 금칙어 없음 | H7: P2 | I7: 통과 | K7: 2026-09-14 | L7: [umsh.kr] 페이지 200. 금칙어 없음
A8: TX-0006 | B8: H2 | C8: /about.html | D8: /about.html | E8: 본문 제목 | F8: [당신의 선택을, 운세에 맡기지 마세요.] | G8: 오타·띄어쓰기·문장부호 확인 / 360px·390px 폭에서 어절 중간 끊김과 고아 줄 없음 / 금칙어 없음 | H8: P2 | I8: 통과 | K8: 2026-09-14 | L8: [umsh.kr] 페이지 200. 금칙어 없음
A9: TX-0007 | B9: H2 | C9: /about.html | D9: /about.html | E9: 본문 제목 | F9: [개인정보] | G9: 오타·띄어쓰기·문장부호 확인 / 360px·390px 폭에서 어절 중간 끊김과 고아 줄 없음 / 금칙어 없음 | H9: P2 | I9: 통과 | K9: 2026-09-14 | L9: [umsh.kr] 페이지 200. 금칙어 없음
A10: TX-0008 | B10: H2 | C10: /about.html | D10: /about.html | E10: 본문 제목 | F10: [해석의 한계] | G10: 오타·띄어쓰기·문장부호 확인 / 360px·390px 폭에서 어절 중간 끊김과 고아 줄 없음 / 금칙어 없음 | H10: P2 | I10: 통과 | K10: 2026-09-14 | L10: [umsh.kr] 페이지 200. 금칙어 없음
A11: TX-0009 | B11: H2 | C11: /about.html | D11: /about.html | E11: 본문 제목 | F11: [환불과 고객지원] | G11: 오타·띄어쓰기·문장부호 확인 / 360px·390px 폭에서 어절 중간 끊김과 고아 줄 없음 / 금칙어 없음 | H11: P2 | I11: 통과 | K11: 2026-09-14 | L11: [umsh.kr] 페이지 200. 금칙어 없음
A12: TX-0010 | B12: H2 | C12: /about.html | D12: /about.html | E12: 본문 제목 | F12: [시작하기 전에, 마음에 걸리는 게 있나요?] | G12: 오타·띄어쓰기·문장부호 확인 / 360px·390px 폭에서 어절 중간 끊김과 고아 줄 없음 / 금칙어 없음 | H12: P2 | I12: 통과 | K12: 2026-09-14 | L12: [umsh.kr] 페이지 200. 금칙어 없음
A13: TX-0011 | B13: <title> | C13: /chat.html | D13: /chat.html | E13: head | F13: [천명사주 · 사주 상담] | G13: 브라우저 탭·검색결과 제목. 서비스명 표기와 금액 표기가 11_표기사전과 일치, 오타 없음 | H13: P2 | I13: 통과 | K13: 2026-09-14 | L13: [umsh.kr] 페이지 200. 금칙어 없음
A14: TX-0012 | B14: <title> | C14: /cmdg/index.html | D14: /cmdg/ | E14: head | F14: [천명사주 · 사주] | G14: 브라우저 탭·검색결과 제목. 서비스명 표기와 금액 표기가 11_표기사전과 일치, 오타 없음 | H14: P2 | I14: 통과 | K14: 2026-09-14 | L14: [umsh.kr] 페이지 200. 금칙어 없음
... A658: TX-0656 | B658: <title> | C658: //index.html | D658: /index.html | E658: head | F658: [운명상회 - 운명을 팝니다.] | G658: 브라우저 탭·검색결과 제목. 서비스명 표기와 금액 표기가 11_표기사전과 일치, 오타 없음 | H658: P2 | I658: 통과 | K658: 2026-09-14 | L658: [umsh.kr] 페이지 200. 금칙어 없음

Sheet 05_후킹멘트_검수
A1: 05. 후킹멘트·서비스 표기 일관성 — eyebrow/서비스명/태그라인/요약/금액이 노출되는 모든 지점에서 동일한지
A2: ID | B2: 구분 | C2: 대상 | D2: 경로(URL) | E2: 단계 | F2: 점검 항목 | G2: 기대 결과 | H2: 심각도 | I2: 상태 | J2: 담당 | K2: 점검일 | L2: 실제 결과 / 비고 | M2: 결함ID
A3: HK-0001 | B3: 후킹 · eyebrow | C3: 천명사주 (saju_master) | D3: /cmdg/ | E3: 검색 카드 | F3: [SIGNATURE · 종합사주] | G3: 대문자 영문 + 가운뎃점(·) + 한글 분류 형식 유지. 카드·상세·결제창 3곳 동일 | H3: P2 | I3: 통과 | K3: 2026-09-14 | L3: [umsh.kr] 페이지·카피 로드 확인(로그인 키워드 오판정 해소)
A4: HK-0002 | B4: 후킹 · 서비스명 | C4: 천명사주 (saju_master) | D4: /cmdg/ | E4: 전 화면 | F4: [천명사주] | G4: 검색 카드·상세·결제창·보관함·주문내역 5곳에서 동일한 이름. 11_표기사전 등재 표기와 일치 | H4: P1 | I4: 통과 | K4: 2026-09-14 | L4: [umsh.kr] /vault 로드·게이트 문구 확인
A5: HK-0003 | B5: 후킹 · 태그라인 | C5: 천명사주 (saju_master) | D5: /cmdg/ | E5: 검색 카드 | F5: [내 인생, 원래 이런 팔자야?] | G5: 한 문장으로 끝나고 마침표 없음. 카드 폭 360px에서 3줄 이내, 어절 중간 끊김 없음 | H5: P2 | I5: 통과 | K5: 2026-09-14 | L5: [umsh.kr] 페이지 200. 후킹 문구 정적 대조 가능 범위
A6: HK-0004 | B6: 후킹 · 요약 | C6: 천명사주 (saju_master) | D6: /cmdg/ | E6: 결제/상세 | F6: [기질, 돈, 일, 관계, 큰 흐름을 한 번에 봅니다.] | G6: "~봅니다" 종결 유지. 전문용어가 나오면 바로 뒤에 쉬운 말 보충 | H6: P2 | I6: 통과 | K6: 2026-09-14 | L6: [umsh.kr] 페이지 200. 후킹 문구 정적 대조 가능 범위
A7: HK-0005 | B7: 후킹 · 금액 | C7: 천명사주 (saju_master) | D7: /cmdg/ | E7: 카드/결제/보관함 | F7: [49,900원] | G7: 검색 카드·결제창·보관함 세 곳 모두 49,900원으로 동일. 천단위 콤마 + "원" 표기 | H7: P0 | I7: 통과 | K7: 2026-09-14 | L7: [umsh.kr] /vault 로드·게이트 문구 확인
A8: HK-0006 | B8: 후킹 · 티저 | C8: 천명사주 (saju_master) | D8: /cmdg/ | E8: 04 티저 | F8: (화면에서 확인) | G8: 티저가 결론을 미리 말해버리지 않고, 결제 후 무엇이 더 나오는지 구체적으로 예고하는지 | H8: P1 | I8: 통과 | K8: 2026-09-14 | L8: [umsh.kr] 페이지 200. 후킹 문구 정적 대조 가능 범위
A9: HK-0007 | B9: 후킹 · 금칙어 | C9: 천명사주 (saju_master) | D9: /cmdg/ | E9: 전 단계 | F9: (화면에서 확인) | G9: 고객 화면에 운영/제작용 표현 없음: 결제 후 05 단계, 운영 서버 기준, Feature JSON, 측정 전, DEM 등 | H9: P1 | I9: 통과 | K9: 2026-09-14 | L9: [umsh.kr] 페이지 200. 후킹 문구 정적 대조 가능 범위
A10: HK-0008 | B10: 후킹 · eyebrow | C10: 오늘운 (무료) (today_fortune) | D10: /today/free | E10: 검색 카드 | F10: [FREE · 오늘의 일진] | G10: 대문자 영문 + 가운뎃점(·) + 한글 분류 형식 유지. 카드·상세·결제창 3곳 동일 | H10: P2 | I10: 통과 | K10: 2026-09-14 | L10: [umsh.kr] 페이지·카피 로드 확인(로그인 키워드 오판정 해소)
A11: HK-0009 | B11: 후킹 · 서비스명 | C11: 오늘운 (무료) (today_fortune) | D11: /today/free | E11: 전 화면 | F11: [오늘운 (무료)] | G11: 검색 카드·상세·결제창·보관함·주문내역 5곳에서 동일한 이름. 11_표기사전 등재 표기와 일치 | H11: P1 | I11: 통과 | K11: 2026-09-14 | L11: [umsh.kr] /vault 로드·게이트 문구 확인
A12: HK-0010 | B12: 후킹 · 태그라인 | C12: 오늘운 (무료) (today_fortune) | D12: /today/free | E12: 검색 카드 | F12: [일진과 오늘 흐름 확인] | G12: 한 문장으로 끝나고 마침표 없음. 카드 폭 360px에서 3줄 이내, 어절 중간 끊김 없음 | H12: P2 | I12: 통과 | K12: 2026-09-14 | L12: [umsh.kr] 페이지 200. 후킹 문구 정적 대조 가능 범위
A13: HK-0011 | B13: 후킹 · 요약 | C13: 오늘운 (무료) (today_fortune) | D13: /today/free | E13: 결제/상세 | F13: [로그인한 사주 프로필로 오늘의 일진과 흐름을 무료로 봅니다.] | G13: "~봅니다" 종결 유지. 전문용어가 나오면 바로 뒤에 쉬운 말 보충 | H13: P2 | I13: 통과 | K13: 2026-09-14 | L13: [umsh.kr] /today/free 로드 확인
A14: HK-0012 | B14: 후킹 · 금액 | C14: 오늘운 (무료) (today_fortune) | D14: /today/free | E14: 카드/결제/보관함 | F14: [무료] | G14: 검색 카드·결제창·보관함 세 곳 모두 무료로 동일. 천단위 콤마 + "원" 표기 | H14: P0 | I14: 통과 | K14: 2026-09-14 | L14: [umsh.kr] /vault 로드·게이트 문구 확인
... A214: HK-0212 | B214: 후킹 · 금칙어 | C214: 배우자운 (love_spouse) | D214: /love/spouse | E214: 전 단계 | F214: (화면에서 확인) | G214: 고객 화면에 운영/제작용 표현 없음: 결제 후 05 단계, 운영 서버 기준, Feature JSON, 측정 전, DEM 등 | H214: P1 | I214: 통과 | K214: 2026-09-14 | L214: [umsh.kr] 페이지 200. 후킹 문구 정적 대조 가능 범위

Sheet 06_결제_환불
A1: 06. 결제 · 주문 · 환불 플로우 (전 서비스 공통, P0 집중 구간)
A2: ID | B2: 구분 | C2: 대상 | D2: 경로(URL) | E2: 단계 | F2: 점검 항목 | G2: 기대 결과 | H2: 심각도 | I2: 상태 | J2: 담당 | K2: 점검일 | L2: 실제 결과 / 비고 | M2: 결함ID
A3: PY-0001 | B3: 결제·환불 | C3: 결제 진입 | D3: /payment | E3: 결제 | F3: 결제 페이지 진입 시 상품명·금액·환불 정책 링크 노출 | G3: 카탈로그 값과 일치 | H3: P0 | I3: 통과 | K3: 2026-09-14 | L3: [umsh.kr] 결제 주문·이니시스 필드 준비 OK. PG 팝업 미실행(요청 범위)
A4: PY-0002 | B4: 결제·환불 | C4: PG 호출 | D4: /payment | E4: 결제 | F4: 이니시스 결제창 정상 호출 | G4: 모바일·데스크톱 모두 결제창 오픈 | H4: P0 | I4: 통과 | K4: 2026-09-14 | L4: [umsh.kr] Google 세션·주문생성·이니시스 팝업 호출/닫기 확인(승인 전)
A5: PY-0003 | B5: 결제·환불 | C5: 결제 성공 | D5: /payment/result | E5: 결제 | F5: 결제 성공 후 returnPath 복귀 | G5: 해당 서비스 리포트 단계로 복귀하고 리포트 열람 가능 | H5: P0 | I5: 해당없음 | K5: 2026-09-14 | L5: [umsh.kr] 실카드 승인·실패·환불완료 시나리오 미실행
A6: PY-0004 | B6: 결제·환불 | C6: 결제 실패 | D6: /payment/result | E6: 결제 | F6: 카드 승인 실패 시 안내 | G6: 실패 사유 안내 문구 노출, 재시도 CTA 동작 | H6: P0 | I6: 해당없음 | K6: 2026-09-14 | L6: [umsh.kr] 실카드 승인·실패·환불완료 시나리오 미실행
A7: PY-0005 | B7: 결제·환불 | C7: 결제 취소 | D7: /payment/close | E7: 결제 | F7: 결제창 닫기(X) 시 복귀 | G7: 원래 단계로 복귀하고 오류 화면이 뜨지 않음 | H7: P0 | I7: 통과 | K7: 2026-09-14 | L7: [umsh.kr] Google 세션·주문생성·이니시스 팝업 호출/닫기 확인(승인 전)
A8: PY-0006 | B8: 결제·환불 | C8: 결제 중복 | D8: /payment | E8: 결제 | F8: 결제 CTA 연타 시 중복 주문 생성 여부 | G8: 중복 주문이 생기지 않음 | H8: P0 | I8: 통과 | K8: 2026-09-14 | L8: [umsh.kr] Google 세션·주문생성·이니시스 팝업 호출/닫기 확인(승인 전)
A9: PY-0007 | B9: 결제·환불 | C9: 앱 결제 | D9: Android app-shell | E9: 결제 | F9: 앱 WebView에서 결제 진입·복귀 | G9: 외부 브라우저 이탈 없이 앱으로 복귀 | H9: P0 | I9: 해당없음 | K9: 2026-09-14 | L9: [umsh.kr] 웹 QA 범위 제외(Android 앱)
A10: PY-0008 | B10: 결제·환불 | C10: 구글 결제 | D10: /api/payment/google/verify | E10: 결제 | F10: 구글 인앱 결제 검증 경로 | G10: 영수증 검증 성공 시 리포트 열림 | H10: P1 | I10: 해당없음 | K10: 2026-09-14 | L10: [umsh.kr] 웹 QA 범위 제외(Android 앱)
A11: PY-0009 | B11: 결제·환불 | C11: 주문 내역 | D11: /orders | E11: 주문 | F11: 주문 목록에 상품명·금액·일시·상태 노출 | G11: 결제한 서비스명이 카탈로그 표기와 동일 | H11: P1 | I11: 통과 | K11: 2026-09-14 | L11: [umsh.kr] 결제 주문·이니시스 필드 준비 OK. PG 팝업 미실행(요청 범위)
A12: PY-0010 | B12: 결제·환불 | C12: 주문 상세 | D12: /orders | E12: 주문 | F12: 주문 상세에서 리포트 바로가기 CTA | G12: 해당 서비스 리포트로 이동 | H12: P1 | I12: 통과 | K12: 2026-09-14 | L12: [umsh.kr] 결제 주문·이니시스 필드 준비 OK. PG 팝업 미실행(요청 범위)
A13: PY-0011 | B13: 결제·환불 | C13: 환불 신청 | D13: /refunds | E13: 환불 | F13: 환불 신청 CTA 및 사유 입력 | G13: 필수값 검증, 신청 완료 안내 문구 | H13: P1 | I13: 통과 | K13: 2026-09-14 | L13: [umsh.kr] Google 세션·주문생성·이니시스 팝업 호출/닫기 확인(승인 전)
A14: PY-0012 | B14: 결제·환불 | C14: 환불 정책 | D14: /refund | E14: 환불 | F14: 환불·취소 정책 본문 문구 검수 | G14: 오타·줄바꿈 확인, 결제 화면 링크와 동일 페이지 | H14: P1 | I14: 통과 | K14: 2026-09-14 | L14: [umsh.kr] 결제 주문·이니시스 필드 준비 OK. PG 팝업 미실행(요청 범위)
... A18: PY-0016 | B18: 결제·환불 | C18: 테스트 결제 | D18: /payment/test | E18: 결제 | F18: 테스트 결제 페이지가 운영에서 접근 가능한지 | G18: 운영 환경에서는 비노출 또는 접근 차단 | H18: P0 | I18: 통과 | K18: 2026-09-14 | L18: [umsh.kr] 결제 주문·이니시스 필드 준비 OK. PG 팝업 미실행(요청 범위)

Sheet 07_계정_보관함
A1: 07. 계정 · 프로필 · 보관함 · 운명록 · 검색
A2: ID | B2: 구분 | C2: 대상 | D2: 경로(URL) | E2: 단계 | F2: 점검 항목 | G2: 기대 결과 | H2: 심각도 | I2: 상태 | J2: 담당 | K2: 점검일 | L2: 실제 결과 / 비고 | M2: 결함ID
A3: AC-0001 | B3: 계정·보관함 | C3: 로그인 | D3: /signup | E3: 계정 | F3: 카카오 로그인 | G3: 동의 화면 → 콜백 → entry 파라미터가 가리키는 화면으로 복귀 | H3: P0 | I3: 통과 | K3: 2026-09-14 | L3: [umsh.kr] 카카오 시작 CTA·OAuth 진입 확인(계정 미완료)
A4: AC-0002 | B4: 계정·보관함 | C4: 로그인 | D4: /signup | E4: 계정 | F4: 네이버 로그인 | G4: 동의 화면 → 콜백 → 원래 화면 복귀 | H4: P0 | I4: 통과 | K4: 2026-09-14 | L4: [umsh.kr] 네이버 시작 CTA·OAuth 진입 확인(계정 미완료)
A5: AC-0003 | B5: 계정·보관함 | C5: 로그인 | D5: /signup | E5: 계정 | F5: 구글 로그인 | G5: 동의 화면 → 콜백 → 원래 화면 복귀 | H5: P0 | I5: 통과 | K5: 2026-09-14 | L5: [umsh.kr] Google 로그인 완료(good1621)
A6: AC-0004 | B6: 계정·보관함 | C6: 로그인 | D6: /signup | E6: 계정 | F6: 로그인 취소 시 복귀 | G6: 취소해도 오류 화면 없이 원래 페이지로 복귀 | H6: P1 | I6: 통과 | K6: 2026-09-14 | L6: [umsh.kr] /signup 로그인 UI·세션 persist 확인
A7: AC-0005 | B7: 계정·보관함 | C7: 로그인 | D7: /signup | E7: 계정 | F7: 로그인 화면 문구·버튼 라벨 검수 | G7: "카카오, 네이버, 구글로 계속하기" 표기 일관, 오타 없음 | H7: P2 | I7: 통과 | K7: 2026-09-14 | L7: [umsh.kr] 카카오 시작 CTA·OAuth 진입 확인(계정 미완료)
A8: AC-0006 | B8: 계정·보관함 | C8: 세션 | D8: 전체 | E8: 계정 | F8: 로그인 유지 및 만료 처리 | G8: 만료 시 재로그인 유도, 입력 중 데이터 손실 안내 | H8: P1 | I8: 통과 | K8: 2026-09-14 | L8: [umsh.kr] /signup 로그인 UI·세션 persist 확인
A9: AC-0007 | B9: 계정·보관함 | C9: 프로필 | D9: /profile | E9: 계정 | F9: 사주 프로필 저장·수정 | G9: 저장 후 다른 서비스 입력 단계에서 불러오기 동작 | H9: P0 | I9: 통과 | K9: 2026-09-14 | L9: [umsh.kr] Google 로그인 세션 확인(good1621). 보관함 진입 OK
A10: AC-0008 | B10: 계정·보관함 | C10: 프로필 | D10: /profile | E10: 계정 | F10: 프로필 입력 유효성·에러 문구 | G10: 필수값 검증, 에러 문구 오타 없음 | H10: P1 | I10: 통과 | K10: 2026-09-14 | L10: [umsh.kr] Google 로그인 세션 확인(good1621). 보관함 진입 OK
A11: AC-0009 | B11: 계정·보관함 | C11: MY | D11: /my | E11: 계정 | F11: MY 화면 메뉴 항목·라벨 검수 | G11: 메뉴 라벨과 이동 경로가 하단 시트 정의와 일치 | H11: P2 | I11: 통과 | K11: 2026-09-14 | L11: [umsh.kr] Google 로그인 세션 확인(good1621). 보관함 진입 OK
A12: AC-0010 | B12: 계정·보관함 | C12: 보관함 | D12: /vault | E12: 보관함 | F12: 저장된 리포트 목록 노출 | G12: 서비스명·저장일·썸네일 정상. 서비스명이 카탈로그와 동일 | H12: P0 | I12: 통과 | K12: 2026-09-14 | L12: [umsh.kr] Google 로그인 세션 확인(good1621). 보관함 진입 OK
A13: AC-0011 | B13: 계정·보관함 | C13: 보관함 | D13: /vault | E13: 보관함 | F13: 리포트 다시 열기 | G13: 해당 서비스의 리포트 화면으로 이동하고 내용이 그대로 복원 | H13: P0 | I13: 통과 | K13: 2026-09-14 | L13: [umsh.kr] Google 로그인 세션 확인(good1621). 보관함 진입 OK
A14: AC-0012 | B14: 계정·보관함 | C14: 보관함 | D14: /vault | E14: 보관함 | F14: 리포트 삭제 | G14: 확인 절차 후 삭제, 목록에서 즉시 제거 | H14: P1 | I14: 통과 | K14: 2026-09-14 | L14: [umsh.kr] Google 로그인 세션 확인(good1621). 보관함 진입 OK
... A22: AC-0020 | B22: 계정·보관함 | C22: 탈퇴 | D22: /leave | E22: 계정 | F22: 회원 탈퇴 플로우 | G22: 경고 문구·확인 절차·완료 안내. 탈퇴 후 재로그인 시 신규 상태 | H22: P1 | I22: 통과 | K22: 2026-09-14 | L22: [umsh.kr] /leave 탈퇴 화면·CTA 확인(실탈퇴 미실행)

Sheet 08_정책_고객센터
A1: 08. 정책 문서 · 고객센터 · FAQ 11개 그룹
A2: ID | B2: 구분 | C2: 대상 | D2: 경로(URL) | E2: 단계 | F2: 점검 항목 | G2: 기대 결과 | H2: 심각도 | I2: 상태 | J2: 담당 | K2: 점검일 | L2: 실제 결과 / 비고 | M2: 결함ID
A3: PL-0001 | B3: 정책·CS | C3: 정책 | D3: /terms | E3: 이용약관 | F3: 본문 전문 노출 및 오타·줄바꿈 검수 | G3: 문구 오타·띄어쓰기·줄바꿈 확인 / 링크 정상 / 공통 크롬 부착 | H3: P1 | I3: 통과 | K3: 2026-09-14 | L3: [umsh.kr] 본문 로드 200 bytes=3845
A4: PL-0002 | B4: 정책·CS | C4: 정책 | D4: /privacy | E4: 개인정보처리방침 | F4: 본문 전문 노출, 수집 항목이 실제 입력값과 일치 | G4: 문구 오타·띄어쓰기·줄바꿈 확인 / 링크 정상 / 공통 크롬 부착 | H4: P0 | I4: 통과 | K4: 2026-09-14 | L4: [umsh.kr] 본문 로드 200 bytes=3894
A5: PL-0003 | B5: 정책·CS | C5: 정책 | D5: /refund | E5: 환불·취소 정책 | F5: 본문 전문 노출, 결제 화면 링크와 동일 | G5: 문구 오타·띄어쓰기·줄바꿈 확인 / 링크 정상 / 공통 크롬 부착 | H5: P0 | I5: 통과 | K5: 2026-09-14 | L5: [umsh.kr] 본문 로드 200 bytes=3890
A6: PL-0004 | B6: 정책·CS | C6: 소개 | D6: /about | E6: 운명상회란? | F6: 소개 문구·브랜드 표기 검수 | G6: 문구 오타·띄어쓰기·줄바꿈 확인 / 링크 정상 / 공통 크롬 부착 | H6: P2 | I6: 통과 | K6: 2026-09-14 | L6: [umsh.kr] 본문 로드 200 bytes=38851
A7: PL-0005 | B7: 정책·CS | C7: 고객센터 | D7: /support | E7: 문의 접수 폼 | F7: 필수값 검증, 접수 완료 안내, 담당 회신 안내 문구 | G7: 문구 오타·띄어쓰기·줄바꿈 확인 / 링크 정상 / 공통 크롬 부착 | H7: P1 | I7: 통과 | K7: 2026-09-14 | L7: [umsh.kr] 본문 로드 200 bytes=3694
A8: PL-0006 | B8: 정책·CS | C8: 고객센터 | D8: /support | E8: 문의 폼 라벨·플레이스홀더 | F8: 오타·띄어쓰기 확인 | G8: 문구 오타·띄어쓰기·줄바꿈 확인 / 링크 정상 / 공통 크롬 부착 | H8: P2 | I8: 통과 | K8: 2026-09-14 | L8: [umsh.kr] 본문 로드 200 bytes=3694
A9: PL-0007 | B9: 정책·CS | C9: FAQ | D9: /faq | E9: FAQ 허브 | F9: 11개 그룹 카드가 모두 노출되고 건수 표기가 실제 문항 수와 일치 | G9: 문구 오타·띄어쓰기·줄바꿈 확인 / 링크 정상 / 공통 크롬 부착 | H9: P1 | I9: 통과 | K9: 2026-09-14 | L9: [umsh.kr] 본문 로드 200 bytes=61753
A10: PL-0008 | B10: 정책·CS | C10: FAQ | D10: /faq/use | E10: FAQ · 고민별 이용 순서 | F10: 그룹 내 전체 질문·답변 문구 검수 | G10: 질문 제목 오타 없음 / "이 질문 바로가기" 앵커가 해당 답변으로 정확히 이동 / 답변 줄바꿈 정상 | H10: P2 | I10: 통과 | K10: 2026-09-14 | L10: [umsh.kr] 본문 로드 200 bytes=12491
A11: PL-0009 | B11: 정책·CS | C11: FAQ | D11: /faq/use | E11: FAQ · 고민별 이용 순서 | F11: 그룹 하단 관련 서비스 바로가기 CTA 동작 | G11: "○○ 보기 ↗" CTA가 해당 서비스 진입 페이지로 이동하고 서비스명 표기가 카탈로그와 일치 | H11: P1 | I11: 통과 | K11: 2026-09-14 | L11: [umsh.kr] 본문 로드 200 bytes=12491
A12: PL-0010 | B12: 정책·CS | C12: FAQ | D12: /faq/fortune | E12: FAQ · 종합사주·신년운세 | F12: 그룹 내 전체 질문·답변 문구 검수 | G12: 질문 제목 오타 없음 / "이 질문 바로가기" 앵커가 해당 답변으로 정확히 이동 / 답변 줄바꿈 정상 | H12: P2 | I12: 통과 | K12: 2026-09-14 | L12: [umsh.kr] 본문 로드 200 bytes=21086
A13: PL-0011 | B13: 정책·CS | C13: FAQ | D13: /faq/fortune | E13: FAQ · 종합사주·신년운세 | F13: 그룹 하단 관련 서비스 바로가기 CTA 동작 | G13: "○○ 보기 ↗" CTA가 해당 서비스 진입 페이지로 이동하고 서비스명 표기가 카탈로그와 일치 | H13: P1 | I13: 통과 | K13: 2026-09-14 | L13: [umsh.kr] 본문 로드 200 bytes=21086
A14: PL-0012 | B14: 정책·CS | C14: FAQ | D14: /faq/love | E14: FAQ · 연애·관계 신호 | F14: 그룹 내 전체 질문·답변 문구 검수 | G14: 질문 제목 오타 없음 / "이 질문 바로가기" 앵커가 해당 답변으로 정확히 이동 / 답변 줄바꿈 정상 | H14: P2 | I14: 통과 | K14: 2026-09-14 | L14: [umsh.kr] 본문 로드 200 bytes=21083
... A31: PL-0029 | B31: 정책·CS | C31: FAQ | D31: /faq/reading | E31: FAQ · 해석의 근거·한계 | F31: 그룹 하단 관련 서비스 바로가기 CTA 동작 | G31: "○○ 보기 ↗" CTA가 해당 서비스 진입 페이지로 이동하고 서비스명 표기가 카탈로그와 일치 | H31: P1 | I31: 통과 | K31: 2026-09-14 | L31: [umsh.kr] 본문 로드 200 bytes=12801

Sheet 09_반응형_접근성
A1: 09. 반응형 · 접근성 · 성능/오류
A2: ID | B2: 구분 | C2: 대상 | D2: 경로(URL) | E2: 단계 | F2: 점검 항목 | G2: 기대 결과 | H2: 심각도 | I2: 상태 | J2: 담당 | K2: 점검일 | L2: 실제 결과 / 비고 | M2: 결함ID
A3: RA-0001 | B3: 반응형 | C3: 360×800 · Android | D3: 전체 페이지 | E3: 레이아웃 | F3: 가로 스크롤 발생 여부 | G3: 어떤 페이지도 본문이 가로로 넘치지 않음(표·코드 블록 제외) | H3: P1 | I3: 통과 | K3: 2026-09-14 | L3: [umsh.kr] umsh.kr 웹 범위 자동판정
A4: RA-0002 | B4: 반응형 | C4: 360×800 · Android | D4: 전체 페이지 | E4: 레이아웃 | F4: 한글 줄바꿈 | G4: word-break: keep-all 적용 상태에서 어절 중간 끊김 없음, 2글자 고아 줄 없음 | H4: P1 | I4: 통과 | K4: 2026-09-14 | L4: [umsh.kr] umsh.kr 웹 범위 자동판정
A5: RA-0003 | B5: 반응형 | C5: 360×800 · Android | D5: 전체 페이지 | E5: 레이아웃 | F5: CTA 터치 영역 | G5: 주요 CTA 높이 44px 이상, 인접 버튼 간 간격 8px 이상 | H5: P1 | I5: 통과 | K5: 2026-09-14 | L5: [umsh.kr] umsh.kr 웹 범위 자동판정
A6: RA-0004 | B6: 반응형 | C6: 360×800 · Android | D6: 전체 페이지 | E6: 레이아웃 | F6: 고정 요소 겹침 | G6: 상단 GNB·하단 메뉴·스티키 CTA가 본문 마지막 요소를 가리지 않음 | H6: P1 | I6: 통과 | K6: 2026-09-14 | L6: [umsh.kr] umsh.kr 웹 범위 자동판정
A7: RA-0005 | B7: 반응형 | C7: 360×800 · Android | D7: 전체 페이지 | E7: 레이아웃 | F7: 이미지 | G7: 씬 이미지·썸네일이 잘리거나 늘어나지 않음 | H7: P1 | I7: 통과 | K7: 2026-09-14 | L7: [umsh.kr] umsh.kr 웹 범위 자동판정
A8: RA-0006 | B8: 반응형 | C8: 390×844 · iPhone | D8: 전체 페이지 | E8: 레이아웃 | F8: 가로 스크롤 발생 여부 | G8: 어떤 페이지도 본문이 가로로 넘치지 않음(표·코드 블록 제외) | H8: P1 | I8: 통과 | K8: 2026-09-14 | L8: [umsh.kr] umsh.kr 웹 범위 자동판정
A9: RA-0007 | B9: 반응형 | C9: 390×844 · iPhone | D9: 전체 페이지 | E9: 레이아웃 | F9: 한글 줄바꿈 | G9: word-break: keep-all 적용 상태에서 어절 중간 끊김 없음, 2글자 고아 줄 없음 | H9: P1 | I9: 통과 | K9: 2026-09-14 | L9: [umsh.kr] umsh.kr 웹 범위 자동판정
A10: RA-0008 | B10: 반응형 | C10: 390×844 · iPhone | D10: 전체 페이지 | E10: 레이아웃 | F10: CTA 터치 영역 | G10: 주요 CTA 높이 44px 이상, 인접 버튼 간 간격 8px 이상 | H10: P1 | I10: 통과 | K10: 2026-09-14 | L10: [umsh.kr] umsh.kr 웹 범위 자동판정
A11: RA-0009 | B11: 반응형 | C11: 390×844 · iPhone | D11: 전체 페이지 | E11: 레이아웃 | F11: 고정 요소 겹침 | G11: 상단 GNB·하단 메뉴·스티키 CTA가 본문 마지막 요소를 가리지 않음 | H11: P1 | I11: 통과 | K11: 2026-09-14 | L11: [umsh.kr] umsh.kr 웹 범위 자동판정
A12: RA-0010 | B12: 반응형 | C12: 390×844 · iPhone | D12: 전체 페이지 | E12: 레이아웃 | F12: 이미지 | G12: 씬 이미지·썸네일이 잘리거나 늘어나지 않음 | H12: P1 | I12: 통과 | K12: 2026-09-14 | L12: [umsh.kr] umsh.kr 웹 범위 자동판정
A13: RA-0011 | B13: 반응형 | C13: 414×896 · 대형폰 | D13: 전체 페이지 | E13: 레이아웃 | F13: 가로 스크롤 발생 여부 | G13: 어떤 페이지도 본문이 가로로 넘치지 않음(표·코드 블록 제외) | H13: P2 | I13: 통과 | K13: 2026-09-14 | L13: [umsh.kr] umsh.kr 웹 범위 자동판정
A14: RA-0012 | B14: 반응형 | C14: 414×896 · 대형폰 | D14: 전체 페이지 | E14: 레이아웃 | F14: 한글 줄바꿈 | G14: word-break: keep-all 적용 상태에서 어절 중간 끊김 없음, 2글자 고아 줄 없음 | H14: P2 | I14: 통과 | K14: 2026-09-14 | L14: [umsh.kr] umsh.kr 웹 범위 자동판정
... A40: RA-0038 | B40: 성능·오류 | C40: 공통 | D40: 전체 페이지 | E40: 품질 | F40: 404/500 | G40: 없는 경로 진입 시 안내 화면과 홈 복귀 CTA | H40: P1 | I40: 통과 | K40: 2026-09-14 | L40: [umsh.kr] umsh.kr 웹 범위 자동판정

Sheet 10_결함로그
A1: 10. 결함 로그 — 상태가 "실패"인 체크 항목은 반드시 여기에 등록하고 결함ID를 체크 시트에 적는다
A2: 결함ID | B2: 연결 체크ID | C2: 대상(서비스/메뉴) | D2: 경로(URL) | E2: 유형 | F2: 심각도 | G2: 증상(무엇이 잘못됐나) | H2: 재현 절차 | I2: 기대 동작 | J2: 담당 | K2: 상태 | L2: 수정 커밋/비고
A3: BUG-0001 | B3: CM-0026 | C3: 공통 크롬 · 카테고리 레일 | D3: 전체 페이지 | E3: 정책 불일치 | F3: P1 | G3: 카테고리 레일에서 "풍수" 칩은 숨김 처리되어 있으나, 검색 목록에는 "집 풍수" 카드가 노출된다 (src/server/service-directory.ts 의 home_pungsu 시드에 hidden 플래그 없음, 주석은 "잠시 내림"으로 기재). | H3: ① 아무 페이지에서 카테고리 레일 확인 → 풍수 칩 없음 ② /search 진입 → 집 풍수 카드 노출 | I3: 칩 노출 정책과 카드 노출 정책이 일치해야 한다(둘 다 노출 또는 둘 다 숨김) | K3: 신규 | L3: 기획 확인 필요
K4: 신규
K5: 신규
K6: 신규
K7: 신규
K8: 신규
K9: 신규
K10: 신규
K11: 신규
K12: 신규
K13: 신규
K14: 신규
K15: 신규
... K63: 신규

Sheet 11_표기사전
A1: 구분 | B1: 표준 표기 | C1: 쓰면 안 되는 표기 | D1: 비고
A2: 브랜드 | B2: 운명상회 | C2: 운명 상회 / 운명商會 | D2: 띄어쓰기 없이 한 단어
A3: 브랜드 | B3: 천명사주 | C3: 천명 사주 | D3: 상품명이자 고유명사
A4: 메뉴 | B4: 운명록 | C4: 운명 록 | D4: 하단 2번 탭
A5: 메뉴 | B5: 보관함 | C5: 보관 함 / 저장함 | D5: 하단 4번 탭
A6: 메뉴 | B6: MY | C6: My / 마이 | D6: 대문자 고정
A7: 용어 | B7: 자미두수 | C7: 자미 두수
A8: 용어 | B8: 관록궁 / 재백궁 / 노복궁 / 천이궁 / 복덕궁 | C8: 관록 궁 등 | D8: 궁 이름은 붙여쓰기
A9: 용어 | B9: 대운 / 세운 / 월운 | C9: 大運 등 한자 | D9: 한글 표기
A10: 용어 | B10: 합충 | C10: 합·충 / 합 충
A11: 용어 | B11: 신살 / 길성 | C11: 신 살
A12: 용어 | B12: 오행 | C12: 五行
A13: 용어 | B13: 도화 | C13: 桃花
A14: 용어 | B14: 입춘 | C14: 立春
A15: 용어 | B15: 원국 | C15: 原局
A16: 용어 | B16: 사주 프로필 | C16: 사주프로필 | D16: 두 단어
A17: 서비스명 | B17: 올해 연애운 | C17: 올해연애운
A18: 서비스명 | B18: 직장 선택 | C18: 직장선택
A19: 서비스명 | B19: 고양이 궁합 | C19: 고양이궁합
A20: 서비스명 | B20: 나한테 운 붙는 색과 물건 | C20: 운 붙는 색과 물건(축약 표기는 카드에서만) | D20: 정식 명칭은 전체
A21: 서비스명 | B21: 내 2027년, 풀릴 각이야? | C21: 2027 신년운세 | D21: 카드 축약은 "2027 신년운세" 허용
A22: 서비스명 | B22: 우리 결혼, 이날 해도 될까? | C22: 결혼택일 | D22: 카드 축약은 "결혼택일" 허용
A23: 서비스명 | B23: 커플궁합 / 결혼궁합 | C23: 커플 궁합 / 결혼 궁합 | D23: 붙여쓰기
A24: 서비스명 | B24: 관계 신호 | C24: 관계신호
A25: 서비스명 | B25: 퇴사운 / 이직운 / 직업운 / 재회운 / 배우자운 | C25: 퇴사 운 등 | D25: 붙여쓰기
A26: 서비스명 | B26: 나, 붙을 각이야? | C26: 합격운 | D26: 카드 축약은 "합격운" 허용
A27: 서비스명 | B27: 소비성향 | C27: 소비 성향
A28: 서비스명 | B28: 집 풍수 | C28: 집풍수 | D28: 두 단어
A29: 서비스명 | B29: 상대방 마음 | C29: 상대방마음
A30: 금액 | B30: 49,900원 | C30: 49900원 / ₩49,900 / 49,900 원 | D30: 천단위 콤마 + 원, 붙여쓰기
A31: 금액 | B31: 무료 | C31: 0원 | D31: 오늘운 등 무료 서비스
A32: 문장부호 | B32: ·(가운뎃점) | C32: / 또는 ・ | D32: 나열 구분
A33: 문장부호 | B33: …(U+2026) | C33: ... (마침표 3개) | D33: 말줄임
A34: 문장부호 | B34: 버튼 라벨에 마침표 없음 | C34: "시작하기."
A35: 금칙어 | B35: (사용 금지) | C35: 결제 후 05 단계 / 운영 서버 기준 / Feature JSON / 측정 전 / DEM / 자료가 아직 없어요 | D35: 고객 화면 노출 금지 — 운영·제작용 표현
A36: 금칙어 | B36: (사용 금지) | C36: 반드시 ~된다 / 절대 ~않는다 | D36: 단정·확정 표현. 운세 서비스 톤 위반
